month,total,egypt,libya,syria,yemen
2011-01,292,196,0,0,96
2011-02,1055,555,207,0,293
2011-03,1274,69,902,0,303
2011-04,571,35,361,0,175
2011-05,451,40,183,0,228
2011-06,606,36,321,0,249
2011-07,286,41,167,0,78
2011-08,480,33,378,0,69
2011-09,369,36,194,0,139
2011-10,460,30,264,0,166
2011-11,401,152,79,50,120
2011-12,368,89,57,70,152
2012-01,334,102,57,75,100
2012-02,422,82,43,184,113
2012-03,300,37,67,125,71
2012-04,182,32,38,54,58
2012-05,313,74,35,101,103
2012-06,513,167,33,213,100
2012-07,378,36,54,232,56
2012-08,366,46,23,240,57
2012-09,516,45,133,163,175
2012-10,496,26,121,270,79
2012-11,471,170,36,174,91
2012-12,626,232,27,278,89
2013-01,650,203,67,255,125
2013-02,491,98,49,210,134
2013-03,627,107,71,339,110
2013-04,568,73,71,330,94
2013-05,1102,47,113,750,192
2013-06,1198,193,78,798,129
2013-07,1407,1001,45,259,102
